all-in-the-valley-of-death,1
all-that-was-left-of-them,1
all-the-world-wondered,2
back-from-the-mouth-of-hell,1
boldly-they-rode-and-well,1
came-through-the-jaws-of-death,1
cannon-behind-them,1
cannon-in-front-of-them,1
cannon-to-left-of-them,2
cannon-to-right-of-them,2
charge-for-the-guns-he-said,1
charging-an-army-while,1
cossack-and-russian,1
flashed-all-their-sabres-bare,1
flashed-as-they-turned-in-air,1
forward-the-light-brigade,2
half-a-league-half-a-league,1
half-a-league-onward,1
honour-the-charge-they-made,1
honour-the-light-brigade,1
into-the-jaws-of-death,1
into-the-mouth-of-hell,1
into-the-valley-of-death,2
left-of-six-hundred,1
noble-six-hundred,1
not-the-six-hundred,1
not-though-the-soldier-knew,1
o-the-wild-charge-they-made,1
plunged-in-the-batterysmoke,1
reeled-from-the-sabre-stroke,1
right-through-the-line-they-broke,1
rode-the-six-hundred,4
sabring-the-gunners-there,1
shattered-and-sundered,1
someone-had-blundered,1
stormed-at-with-shot-and-shell,2
theirs-but-to-do-and-die,1
theirs-not-to-make-reply,1
theirs-not-to-reason-why,1
then-they-rode-back-but-not,1
they-that-had-fought-so-well,1
volleyed-and-thundered,2
was-there-a-man-dismayed,1
when-can-their-glory-fade,1
while-horse-and-hero-fell,1
